vitessio-vitess,100
vitessio-vitess,1
vitessio-vitess,10
vitessio-vitess,8
vitessio-vitess,50
vitessio-vitess,3
vitessio-vitess,15
vitessio-vitess,5
gravitational-teleport,50
gravitational-teleport,200
gravitational-teleport,10
gravitational-teleport,10
gravitational-teleport,12
gravitational-teleport,200
gravitational-teleport,200
kataras-iris,1000
kataras-iris,42
google-cadvisor,1000
google-grumpy,8
cayleygraph-cayley,100
hyperledger-fabric,30
hyperledger-fabric,1000
hyperledger-fabric,1000
hyperledger-fabric,2
hyperledger-fabric,100
hyperledger-fabric,100
ehang-io-nps,50
minio-minio,10
dgraph-io-dgraph,10
dgraph-io-dgraph,4
dgraph-io-dgraph,10
dgraph-io-dgraph,500
dgraph-io-dgraph,8
dgraph-io-dgraph,16
dgraph-io-dgraph,32
dgraph-io-dgraph,10
dgraph-io-dgraph,10
fatedier-frp,10
go-martini-martini,2
restic-restic,5
prometheus-prometheus,20
prometheus-prometheus,20
prometheus-prometheus,100
prometheus-prometheus,3
go-gitea-gitea,100
caddyserver-caddy,100
goharbor-harbor,100
goharbor-harbor,1000
valyala-fasthttp,10
valyala-fasthttp,10
valyala-fasthttp,10
valyala-fasthttp,10
valyala-fasthttp,4
valyala-fasthttp,10
valyala-fasthttp,10
valyala-fasthttp,10
valyala-fasthttp,10
valyala-fasthttp,5
valyala-fasthttp,10
valyala-fasthttp,10
valyala-fasthttp,10
valyala-fasthttp,10
valyala-fasthttp,4
valyala-fasthttp,4
valyala-fasthttp,10
valyala-fasthttp,10
valyala-fasthttp,5
valyala-fasthttp,5
valyala-fasthttp,5
valyala-fasthttp,10
valyala-fasthttp,10
buger-goreplay,10
go-chi-chi,100
go-chi-chi,10000
go-chi-chi,40
go-chi-chi,10
go-chi-chi,50
go-chi-chi,50
go-chi-chi,20
go-chi-chi,20
influxdata-telegraf,5
influxdata-telegraf,5
influxdata-telegraf,10
influxdata-telegraf,10
influxdata-telegraf,3
influxdata-telegraf,10
influxdata-telegraf,10
influxdata-telegraf,10
ipfs-go-ipfs,4
hashicorp-consul,150
rclone-rclone,10
rclone-rclone,10
rclone-rclone,128
rclone-rclone,8
istio-istio,5
istio-istio,100
istio-istio,5
gohugoio-hugo,13
gohugoio-hugo,4
gohugoio-hugo,100
gohugoio-hugo,100
gohugoio-hugo,20
gohugoio-hugo,50
gohugoio-hugo,100
gohugoio-hugo,1
gohugoio-hugo,100
gohugoio-hugo,10
gohugoio-hugo,10
influxdata-influxdb,5
influxdata-influxdb,5
influxdata-influxdb,1
influxdata-influxdb,3
influxdata-influxdb,2
influxdata-influxdb,3
influxdata-influxdb,100
influxdata-influxdb,100
influxdata-influxdb,100
influxdata-influxdb,100
influxdata-influxdb,100
influxdata-influxdb,10
influxdata-influxdb,300
influxdata-influxdb,2
influxdata-influxdb,100
influxdata-influxdb,1000
influxdata-influxdb,32
influxdata-influxdb,32
tal-tech-go-zero,10000
tal-tech-go-zero,10000
tal-tech-go-zero,10000
tal-tech-go-zero,10
tal-tech-go-zero,10
tal-tech-go-zero,10
tal-tech-go-zero,5
tal-tech-go-zero,10
tal-tech-go-zero,10
tal-tech-go-zero,4
tal-tech-go-zero,5
tal-tech-go-zero,4
tal-tech-go-zero,4
tal-tech-go-zero,100
tal-tech-go-zero,4
tal-tech-go-zero,5
tal-tech-go-zero,10000
tal-tech-go-zero,100
tal-tech-go-zero,100
tal-tech-go-zero,100
tal-tech-go-zero,100
dapr-dapr,10
dapr-dapr,10000
dapr-dapr,10000
tmrts-go-patterns,20
syncthing-syncthing,2
syncthing-syncthing,25
syncthing-syncthing,50
syncthing-syncthing,1000
syncthing-syncthing,10
helm-helm,20
Dreamacro-clash,5
boltdb-bolt,1000
boltdb-bolt,1000
boltdb-bolt,10
uber-go-zap,10
uber-go-zap,100
uber-go-zap,100
uber-go-zap,100
uber-go-zap,100
uber-go-zap,10
golang-groupcache,4
golang-groupcache,2
golang-groupcache,2
golang-groupcache,2
golang-groupcache,10
casbin-casbin,10000
mattermost-mattermost-server,10
mattermost-mattermost-server,10
mattermost-mattermost-server,10
mattermost-mattermost-server,10
mattermost-mattermost-server,5
moby-moby,20
moby-moby,20
micro-micro,10
micro-micro,10
go-kit-kit,100
GoogleContainerTools-skaffold,100
GoogleContainerTools-skaffold,2
GoogleContainerTools-skaffold,1000
go-sql-driver-mysql,10
go-sql-driver-mysql,10
gofiber-fiber,49
gofiber-fiber,49
sirupsen-logrus,100
sirupsen-logrus,100
sirupsen-logrus,50
sirupsen-logrus,50
sirupsen-logrus,100
sirupsen-logrus,100
beego-beego,10
hashicorp-vault,5
hashicorp-vault,5
hashicorp-vault,5
hashicorp-vault,1000
hashicorp-vault,100
hashicorp-vault,100
hashicorp-vault,100
hashicorp-vault,100
hashicorp-vault,100
hashicorp-vault,50
hashicorp-vault,6
ethereum-go-ethereum,16
ethereum-go-ethereum,10
ethereum-go-ethereum,20
ethereum-go-ethereum,20
ethereum-go-ethereum,5
ethereum-go-ethereum,1000
ethereum-go-ethereum,2
ethereum-go-ethereum,3
ethereum-go-ethereum,10
ethereum-go-ethereum,10
ethereum-go-ethereum,20
ethereum-go-ethereum,1000
ethereum-go-ethereum,1000
ethereum-go-ethereum,1000
ethereum-go-ethereum,5
ethereum-go-ethereum,20
ethereum-go-ethereum,128
ethereum-go-ethereum,100
ethereum-go-ethereum,10
ethereum-go-ethereum,1000
ethereum-go-ethereum,1000
ethereum-go-ethereum,1000
ethereum-go-ethereum,3
ethereum-go-ethereum,16
grpc-grpc-go,100
grpc-grpc-go,1024
grpc-grpc-go,2
grpc-grpc-go,3
grpc-grpc-go,3
grpc-grpc-go,5
grpc-grpc-go,5
grpc-grpc-go,5
grpc-grpc-go,5
grpc-grpc-go,3
grpc-grpc-go,3
grpc-grpc-go,10
grpc-grpc-go,10
grpc-grpc-go,20
grpc-grpc-go,5
grpc-grpc-go,1000
grpc-grpc-go,2
grpc-grpc-go,200
grpc-grpc-go,20
grpc-grpc-go,10
grpc-grpc-go,10
grpc-grpc-go,1000
grpc-grpc-go,3
grpc-grpc-go,3
pulumi-pulumi,50
pulumi-pulumi,50
pulumi-pulumi,3
pulumi-pulumi,4
pulumi-pulumi,1000
pulumi-pulumi,1000
golang-go,10
golang-go,4
golang-go,10
golang-go,2
golang-go,2
golang-go,2
golang-go,2
golang-go,2
golang-go,2
golang-go,4
golang-go,8
golang-go,32
golang-go,100
golang-go,100
golang-go,200
golang-go,4
golang-go,4
golang-go,2
golang-go,4
golang-go,4
golang-go,23
golang-go,1000
golang-go,10
golang-go,2
golang-go,10
golang-go,10
golang-go,2
golang-go,8
golang-go,2
golang-go,4
golang-go,4
golang-go,10
golang-go,10
golang-go,5
golang-go,20
golang-go,20
golang-go,100
golang-go,100
golang-go,10
golang-go,20
golang-go,25
golang-go,64
golang-go,300
golang-go,10
golang-go,100
golang-go,100
golang-go,10000
golang-go,10000
golang-go,3
golang-go,3
golang-go,10
golang-go,10
golang-go,2
golang-go,8
golang-go,10
golang-go,10
golang-go,1000
golang-go,1000
golang-go,1000
golang-go,10
golang-go,10
golang-go,10
golang-go,10
golang-go,10
golang-go,1000
golang-go,1000
golang-go,10
golang-go,4
golang-go,4
golang-go,8
golang-go,2
golang-go,2
golang-go,2
golang-go,2
golang-go,100
golang-go,100
golang-go,42
golang-go,10
golang-go,10
golang-go,2
golang-go,2
golang-go,2
golang-go,2
golang-go,1000
golang-go,2
golang-go,100
golang-go,100
golang-go,8
golang-go,8
golang-go,8
golang-go,5
golang-go,5
golang-go,5
golang-go,4
golang-go,100
golang-go,10
golang-go,10
golang-go,10
golang-go,4
golang-go,10
golang-go,10
golang-go,2
golang-go,100
golang-go,5
golang-go,5
golang-go,5
golang-go,10
golang-go,50
golang-go,50
golang-go,100
golang-go,100
golang-go,10
golang-go,10
golang-go,5
golang-go,10
golang-go,100
golang-go,2
golang-go,32
golang-go,32
golang-go,32
golang-go,2
golang-go,2
golang-go,10
go-redis-redis,100
go-redis-redis,1000
go-redis-redis,10
go-redis-redis,100
go-redis-redis,100
go-redis-redis,100
grafana-k6,100
grafana-k6,1000
kubernetes-kubernetes,10
kubernetes-kubernetes,50
kubernetes-kubernetes,50
kubernetes-kubernetes,50
kubernetes-kubernetes,50
kubernetes-kubernetes,5
kubernetes-kubernetes,100
kubernetes-kubernetes,100
kubernetes-kubernetes,10
kubernetes-kubernetes,5
kubernetes-kubernetes,10
kubernetes-kubernetes,10
kubernetes-kubernetes,4
kubernetes-kubernetes,10
kubernetes-kubernetes,10
kubernetes-kubernetes,10
kubernetes-kubernetes,10
kubernetes-kubernetes,10
kubernetes-kubernetes,10
kubernetes-kubernetes,10
kubernetes-kubernetes,1000
kubernetes-kubernetes,1000
asim-go-micro,10
asim-go-micro,10
chrislusf-seaweedfs,7
elastic-beats,10
elastic-beats,8
elastic-beats,120000
elastic-beats,1000
pingcap-tidb,10
pingcap-tidb,10
pingcap-tidb,4
pingcap-tidb,5
pingcap-tidb,5
pingcap-tidb,5
pingcap-tidb,2
pingcap-tidb,5
pingcap-tidb,50
pingcap-tidb,10
pingcap-tidb,10
pingcap-tidb,10
pingcap-tidb,10
pingcap-tidb,1000
pingcap-tidb,50
containers-podman,10
iawia002-annie,100
grafana-loki,30
grafana-loki,16
grafana-loki,20
grafana-loki,10
grafana-loki,10
grafana-loki,10
hashicorp-terraform,100
hashicorp-terraform,100
